Hero,Abaddon,Alchemist,Ancient_Apparition,Anti-Mage,Arc_Warden,Axe,Bane,Batrider,Beastmaster,Bloodseeker,Bounty_Hunter,Brewmaster,Bristleback,Broodmother,Centaur_Warrunner,Chaos_Knight,Chen,Clinkz,Clockwerk,Crystal_Maiden,Dark_Seer,Dark_Willow,Dazzle,Death_Prophet,Disruptor,Doom,Dragon_Knight,Drow_Ranger,Earth_Spirit,Earthshaker,Elder_Titan,Ember_Spirit,Enchantress,Enigma,Faceless_Void,Grimstroke,Gyrocopter,Huskar,Invoker,Io,Jakiro,Juggernaut,Keeper_of_the_Light,Kunkka,Legion_Commander,Leshrac,Lich,Lifestealer,Lina,Lion,Lone_Druid,Luna,Lycan,Magnus,Mars,Medusa,Meepo,Mirana,Monkey_King,Morphling,Naga_Siren,Nature's_Prophet,Necrophos,Night_Stalker,Nyx_Assassin,Ogre_Magi,Omniknight,Oracle,Outworld_Devourer,Pangolier,Phantom_Assassin,Phantom_Lancer,Phoenix,Puck,Pudge,Pugna,Queen_of_Pain,Razor,Riki,Rubick,Sand_King,Shadow_Demon,Shadow_Fiend,Shadow_Shaman,Silencer,Skywrath_Mage,Slardar,Slark,Sniper,Spectre,Spirit_Breaker,Storm_Spirit,Sven,Techies,Templar_Assassin,Terrorblade,Tidehunter,Timbersaw,Tinker,Tiny,Treant_Protector,Troll_Warlord,Tusk,Underlord,Undying,Ursa,Vengeful_Spirit,Venomancer,Viper,Visage,Warlock,Weaver,Windranger,Winter_Wyvern,Witch_Doctor,Wraith_King,Zeus
Abaddon,,,BAD_VERSES,BAD_VERSES,,WORKS_WITH,GOOD_VERSES,GOOD_VERSES,GOOD_VERSES,GOOD_VERSES,,BAD_VERSES,,,WORKS_WITH,,GOOD_VERSES,,,,,,,GOOD_VERSES,,BAD_VERSES,,,,,,,,,,,,,,WORKS_WITH,,,,,WORKS_WITH,,,,BAD_VERSES,BAD_VERSES,,,,,,,,GOOD_VERSES,,,,,GOOD_VERSES,,,,,WORKS_WITH,BAD_VERSES,,WORKS_WITH,,,,,,,,,,,BAD_VERSES,,,,,,BAD_VERSES,,,,WORKS_WITH,,GOOD_VERSES,,,,,,,,,,,BAD_VERSES,,,,,,,,,,,,
Alchemist,,,BAD_VERSES,,,,,,,,,,,GOOD_VERSES,,,,,,,,,,,,,,,,,,BAD_VERSES,BAD_VERSES,,,,,,BAD_VERSES,,,,,,,,,BAD_VERSES,,,,,,,,,,,,,,GOOD_VERSES,BAD_VERSES,,,,WORKS_WITH,WORKS_WITH,,,,,GOOD_VERSES,,,,,,,,,,,,,,BAD_VERSES,BAD_VERSES,,,,,,,,,,,,,,WORKS_WITH,,,GOOD_VERSES,BAD_VERSES,,,,,,,,,,,
Ancient_Apparition,GOOD_VERSES,GOOD_VERSES,,BAD_VERSES,,,,,,,,BAD_VERSES,,,,,GOOD_VERSES,,,,,,GOOD_VERSES,GOOD_VERSES,,,,,,,,,,,WORKS_WITH,,,GOOD_VERSES,,,,,,,,,,,,,,,,,,,WORKS_WITH,,,,,,,,,,,BAD_VERSES,,,WORKS_WITH,BAD_VERSES,BAD_VERSES,,,,,,,,,WORKS_WITH,,,,,,WORKS_WITH,,,,,,,,BAD_VERSES,,,,,,,,,,WORKS_WITH,,,BAD_VERSES,,,BAD_VERSES,,,,,
Anti-Mage,GOOD_VERSES,,GOOD_VERSES,,GOOD_VERSES,BAD_VERSES,BAD_VERSES_WORKS_WITH,,,BAD_VERSES,WORKS_WITH,,,,,,,,GOOD_VERSES,,WORKS_WITH,,WORKS_WITH,,BAD_VERSES,BAD_VERSES,,BAD_VERSES,,,GOOD_VERSES,,,,,,,,WORKS_WITH,,,,,,BAD_VERSES,,,,,WORKS_WITH,,,,WORKS_WITH,,GOOD_VERSES,BAD_VERSES,,,,,,,BAD_VERSES,,,WORKS_WITH,WORKS_WITH,BAD_VERSES,,BAD_VERSES,,GOOD_VERSES,,,GOOD_VERSES,,,,,,BAD_VERSES_WORKS_WITH,,,,,BAD_VERSES_WORKS_WITH,,,GOOD_VERSES,,GOOD_VERSES,,,BAD_VERSES,,,,,,WORKS_WITH,BAD_VERSES,,,GOOD_VERSES,,,GOOD_VERSES,BAD_VERSES,,,,,,,GOOD_VERSES,GOOD_VERSES
Arc_Warden,,,WORKS_WITH,BAD_VERSES,,,,,,,,,BAD_VERSES,,,BAD_VERSES,,,,,,,,,,,,GOOD_VERSES_WORKS_WITH,,,,,GOOD_VERSES,,,,,,,,,,,,,,,,,,,,,,,,BAD_VERSES,GOOD_VERSES,,,BAD_VERSES,,,,,,,,,,,BAD_VERSES,GOOD_VERSES,,,,,,BAD_VERSES,,GOOD_VERSES,,,,,,,,GOOD_VERSES,,,,,,GOOD_VERSES,,,,,,,,,,,,,,,,,,,,,,
Axe,,,,GOOD_VERSES_WORKS_WITH,,,,,,,,,,GOOD_VERSES,,GOOD_VERSES,,,,,WORKS_WITH,,GOOD_VERSES_WORKS_WITH,,WORKS_WITH,BAD_VERSES,,,,,,,,WORKS_WITH,,,,GOOD_VERSES,,,BAD_VERSES,,,,GOOD_VERSES,,,BAD_VERSES,,,,,,WORKS_WITH,,,,,,,,GOOD_VERSES,BAD_VERSES,,,,,,BAD_VERSES,,GOOD_VERSES,GOOD_VERSES,BAD_VERSES_WORKS_WITH,,,BAD_VERSES,,,,,WORKS_WITH,BAD_VERSES,,,,WORKS_WITH,,GOOD_VERSES,,BAD_VERSES,,WORKS_WITH,,,,GOOD_VERSES,,BAD_VERSES,,WORKS_WITH,,GOOD_VERSES,,,BAD_VERSES,BAD_VERSES,,BAD_VERSES_WORKS_WITH,BAD_VERSES,,,GOOD_VERSES,,,WORKS_WITH,,
Bane,,,,,,,,,,,,,,,,,,,,,,,,,,,,,,,,,,,GOOD_VERSES,WORKS_WITH,,,,,,,,,GOOD_VERSES,,,,,,,,,,,GOOD_VERSES,,WORKS_WITH,,,,,,,,,WORKS_WITH,,,,GOOD_VERSES,,,,BAD_VERSES_WORKS_WITH,,,WORKS_WITH,,BAD_VERSES,,,,,,WORKS_WITH,,BAD_VERSES,,,,,,,,,BAD_VERSES_WORKS_WITH,,,,,GOOD_VERSES,,WORKS_WITH,,,,,,,,,,,,,
Batrider,BAD_VERSES,,,,,,,,,,,,,,,,GOOD_VERSES,,,,,,,,,,,,,,,,,,,,,,,,,,,BAD_VERSES,BAD_VERSES,,,,,,,,,,,,GOOD_VERSES,,GOOD_VERSES,,,,,,BAD_VERSES,,,BAD_VERSES,,,,,,,WORKS_WITH,WORKS_WITH,,,,,,,,,,WORKS_WITH,,BAD_VERSES,,,,,,GOOD_VERSES,GOOD_VERSES,,BAD_VERSES,,,,GOOD_VERSES,,,,,BAD_VERSES_WORKS_WITH,BAD_VERSES,BAD_VERSES,,,,BAD_VERSES,,,,,
Beastmaster,BAD_VERSES,,,,,,,,,,,,,,,,,,,,,,,,,,,,,BAD_VERSES,,,BAD_VERSES,,,,,,,,,,BAD_VERSES,,,,,WORKS_WITH,,,,,,,,,,,GOOD_VERSES,,,WORKS_WITH,,BAD_VERSES,,,,BAD_VERSES,,,WORKS_WITH,,GOOD_VERSES,,,,,,,,,,,,,,,,,,WORKS_WITH,,GOOD_VERSES_WORKS_WITH,,GOOD_VERSES,,,BAD_VERSES,GOOD_VERSES_WORKS_WITH,GOOD_VERSES_WORKS_WITH,,GOOD_VERSES,,WORKS_WITH,,GOOD_VERSES_WORKS_WITH,,,,,,,,BAD_VERSES,,GOOD_VERSES,
Bloodseeker,BAD_VERSES,,WORKS_WITH,GOOD_VERSES,,,,WORKS_WITH,,,WORKS_WITH,,,,,,,GOOD_VERSES,,,,,BAD_VERSES,,,,,,WORKS_WITH,WORKS_WITH,,BAD_VERSES,,,BAD_VERSES,,,GOOD_VERSES,WORKS_WITH,,WORKS_WITH,,,,,,,,,,,,GOOD_VERSES,WORKS_WITH,,BAD_VERSES,GOOD_VERSES,,,BAD_VERSES,,WORKS_WITH,,,,,BAD_VERSES,,,,,,WORKS_WITH,,,,WORKS_WITH,,GOOD_VERSES,,,,,,,,,GOOD_VERSES,GOOD_VERSES,,,BAD_VERSES,,BAD_VERSES,,,,GOOD_VERSES,BAD_VERSES,,,BAD_VERSES,,BAD_VERSES,,,,WORKS_WITH,,,WORKS_WITH,GOOD_VERSES,GOOD_VERSES,,,BAD_VERSES,WORKS_WITH
Bounty_Hunter,,,,,,,,,,,,,,,,,,,,,,,,,,,,,,,,,,,,,,,WORKS_WITH,,,,,,,,,,,,,,,,,,,,,,,WORKS_WITH,,,GOOD_VERSES,,,,,,,,,,,,,,,BAD_VERSES,,,GOOD_VERSES,,,,BAD_VERSES,,GOOD_VERSES,BAD_VERSES_WORKS_WITH,BAD_VERSES,,,,,,,,,,,,,,,,,,,,,,,,,,BAD_VERSES_WORKS_WITH
Brewmaster,,,WORKS_WITH,,,,BAD_VERSES,,,,,,,,,,,,,,,,WORKS_WITH,BAD_VERSES,,,,,,,,,,,,,,GOOD_VERSES,WORKS_WITH,,,,,,,,,,,BAD_VERSES,GOOD_VERSES,,GOOD_VERSES,,,,,,,,,,,,,,WORKS_WITH,WORKS_WITH,BAD_VERSES,,,,,,,,,,,,,,,BAD_VERSES,,BAD_VERSES,,,,,,,,,GOOD_VERSES,,,,,WORKS_WITH,,,,,,GOOD_VERSES,,,,,,,,,,,
Bristleback,,,,BAD_VERSES,GOOD_VERSES,,,,,,,,,GOOD_VERSES,,GOOD_VERSES,,,,WORKS_WITH,,,WORKS_WITH,,,BAD_VERSES,,WORKS_WITH,,,,,BAD_VERSES,,BAD_VERSES,BAD_VERSES,,GOOD_VERSES,,,GOOD_VERSES,,BAD_VERSES_WORKS_WITH,,BAD_VERSES,,,,,BAD_VERSES,,GOOD_VERSES,GOOD_VERSES,,,,GOOD_VERSES,,,,,,BAD_VERSES,,,,,,BAD_VERSES_WORKS_WITH,,,GOOD_VERSES,,,GOOD_VERSES,,,BAD_VERSES,GOOD_VERSES,GOOD_VERSES,GOOD_VERSES,,,,BAD_VERSES,WORKS_WITH,BAD_VERSES,,,,,,,,,,,BAD_VERSES,,,,,,,,,,WORKS_WITH,BAD_VERSES,,,,,,,,
Broodmother,,BAD_VERSES,GOOD_VERSES,,,BAD_VERSES,,,,,,,BAD_VERSES,,,,GOOD_VERSES,,,,BAD_VERSES,,WORKS_WITH,,,,,GOOD_VERSES,,BAD_VERSES,,BAD_VERSES,GOOD_VERSES,,,,,,,,,,,,BAD_VERSES,,,WORKS_WITH,,,,,WORKS_WITH,,,,,,,,,GOOD_VERSES,,,,,,,,,GOOD_VERSES,,,,,,,,,,,,BAD_VERSES,,,,,,GOOD_VERSES,,,BAD_VERSES,BAD_VERSES,,,,BAD_VERSES,BAD_VERSES,,,GOOD_VERSES,,,,,,,,,,,,,BAD_VERSES,,,
Centaur_Warrunner,WORKS_WITH,,,,GOOD_VERSES,,,,WORKS_WITH,,,,,,,,,,,,,,,,BAD_VERSES,GOOD_VERSES,,,,,,,,,,WORKS_WITH,,,,,,,,,,,,BAD_VERSES,,,,,,,,,,WORKS_WITH,,,,,BAD_VERSES,,CONFUSED,WORKS_WITH,BAD_VERSES,,,,GOOD_VERSES,GOOD_VERSES,,,,,,,,,,,,,,,,,GOOD_VERSES,,,,WORKS_WITH,,BAD_VERSES,,,,,WORKS_WITH,,WORKS_WITH,WORKS_WITH,,,,WORKS_WITH,,,,,,GOOD_VERSES,,,,
Chaos_Knight,,,,,,BAD_VERSES,,,,,GOOD_VERSES,BAD_VERSES,,,,,,,,WORKS_WITH,,,,,,,BAD_VERSES,,,BAD_VERSES,,,,BAD_VERSES,,,,GOOD_VERSES_WORKS_WITH,,,BAD_VERSES,,WORKS_WITH,,,,BAD_VERSES,,,BAD_VERSES,GOOD_VERSES,,,BAD_VERSES,,BAD_VERSES,,,BAD_VERSES,WORKS_WITH,,,,,,,BAD_VERSES,,,,,BAD_VERSES,,BAD_VERSES,GOOD_VERSES,BAD_VERSES,,,,,BAD_VERSES,WORKS_WITH,,,GOOD_VERSES,,,GOOD_VERSES,,,,,BAD_VERSES,GOOD_VERSES,,BAD_VERSES,BAD_VERSES,BAD_VERSES,BAD_VERSES,,,,,,,GOOD_VERSES,,,GOOD_VERSES,,,,,BAD_VERSES,,,
Chen,BAD_VERSES,BAD_VERSES,BAD_VERSES,,GOOD_VERSES,,,BAD_VERSES,,,,,,BAD_VERSES,,,,BAD_VERSES_WORKS_WITH,GOOD_VERSES,,BAD_VERSES,,BAD_VERSES,BAD_VERSES,,,,,,BAD_VERSES,BAD_VERSES,,BAD_VERSES,,,,,,,,BAD_VERSES,,,,BAD_VERSES,,,,BAD_VERSES,,,BAD_VERSES,WORKS_WITH,,,,,,BAD_VERSES,,BAD_VERSES,,BAD_VERSES,,,,,,,,,,BAD_VERSES,,,,,BAD_VERSES,,,BAD_VERSES,,,BAD_VERSES,,,,,,,,,BAD_VERSES,GOOD_VERSES,,,,BAD_VERSES,,,BAD_VERSES,,,BAD_VERSES,,,WORKS_WITH,BAD_VERSES,,GOOD_VERSES,,,,,BAD_VERSES,,
Clinkz,,,,GOOD_VERSES,,,,,,BAD_VERSES,BAD_VERSES,,,,,,WORKS_WITH,,,,,,,,,,,WORKS_WITH,,,,GOOD_VERSES,BAD_VERSES,,,,,GOOD_VERSES,,,,,,,,,,,,BAD_VERSES,,,,,,,,,,,,GOOD_VERSES,,,,,WORKS_WITH,,,,,,,,,,,,,GOOD_VERSES,,,,,,,BAD_VERSES,,,,BAD_VERSES,,,,,,,,,,BAD_VERSES,,,,,,WORKS_WITH,,,,,,,,,,
Clockwerk,,,,BAD_VERSES,,,,,,,,,,,,,BAD_VERSES,BAD_VERSES,,,WORKS_WITH,,BAD_VERSES,,BAD_VERSES,,,GOOD_VERSES,,GOOD_VERSES,,BAD_VERSES,,,,,,BAD_VERSES,WORKS_WITH,,,BAD_VERSES,,,GOOD_VERSES,,,BAD_VERSES_WORKS_WITH,,,,,,,,,,WORKS_WITH,GOOD_VERSES,BAD_VERSES,,,,,,,BAD_VERSES,,,,,BAD_VERSES,BAD_VERSES,,GOOD_VERSES,,BAD_VERSES,,,,,WORKS_WITH,,,,,,,GOOD_VERSES,,GOOD_VERSES,,,,,BAD_VERSES,,,GOOD_VERSES,,,,,,,BAD_VERSES,,,,BAD_VERSES,,,GOOD_VERSES,,,,
Crystal_Maiden,,,BAD_VERSES,,,,,,,,,,BAD_VERSES,,,,,,BAD_VERSES,,,,,,,BAD_VERSES,,,BAD_VERSES,,,,,,,,,,,,GOOD_VERSES,WORKS_WITH,,,BAD_VERSES,,,,,,,,,,,,,,,,BAD_VERSES,,,,BAD_VERSES,,,,,,GOOD_VERSES,,,,,,,,,,,,,,,,,GOOD_VERSES,,,,,WORKS_WITH,,GOOD_VERSES,,BAD_VERSES,WORKS_WITH,,,,,BAD_VERSES,,,,,,GOOD_VERSES,BAD_VERSES,,,,,,,
Dark_Seer,,,,BAD_VERSES,,,,,,,WORKS_WITH,,,GOOD_VERSES,,,,,,,,,,,,,,,,,WORKS_WITH,BAD_VERSES,,WORKS_WITH,,,,,,,,,BAD_VERSES,,,,,,,,,WORKS_WITH,,,,,GOOD_VERSES,,,,,,,,,,,BAD_VERSES,,,,,,,,,,,WORKS_WITH,,,,,,,,,,BAD_VERSES,,,,WORKS_WITH,,GOOD_VERSES,,,,,,GOOD_VERSES,,,,,,,GOOD_VERSES_WORKS_WITH,,,,,,,,,
Dark_Willow,,,,BAD_VERSES,,BAD_VERSES,,,,GOOD_VERSES,,,BAD_VERSES,,,,,,,,,,,,,,,BAD_VERSES,,,,BAD_VERSES_WORKS_WITH,,,GOOD_VERSES,,,BAD_VERSES,WORKS_WITH,,,BAD_VERSES_WORKS_WITH,,,,,,BAD_VERSES,WORKS_WITH,,,,,,,,GOOD_VERSES,WORKS_WITH,GOOD_VERSES,,,,,,BAD_VERSES,,BAD_VERSES,BAD_VERSES,,,,,WORKS_WITH,BAD_VERSES_WORKS_WITH,BAD_VERSES,,,,BAD_VERSES,WORKS_WITH,,,,,BAD_VERSES,,,,,,GOOD_VERSES,BAD_VERSES,,,,,,GOOD_VERSES,,,,GOOD_VERSES,,,,,,,,,WORKS_WITH,WORKS_WITH,GOOD_VERSES,,,,
Dazzle,,,BAD_VERSES,,,BAD_VERSES,,,,,,WORKS_WITH,,WORKS_WITH,,,,,GOOD_VERSES,,,,,GOOD_VERSES,,,,,,,,,,,,,,WORKS_WITH,,,,,,,GOOD_VERSES,,,,,,,,,,,,WORKS_WITH,,,,BAD_VERSES_WORKS_WITH,,GOOD_VERSES,,,,,,BAD_VERSES,,,BAD_VERSES_WORKS_WITH,,,,,,,,,,,,,BAD_VERSES,,,,,,,,,,,,,,,,,,,,,,,GOOD_VERSES,,,,,,,,,
Death_Prophet,,,BAD_VERSES,BAD_VERSES,,,,,,,,,,,,,,,,,,,,,,BAD_VERSES,,,,,,,,WORKS_WITH,WORKS_WITH,,,,GOOD_VERSES,,,,,,BAD_VERSES,,,,,,,,,,,,,,,GOOD_VERSES,,GOOD_VERSES,,,,,BAD_VERSES,,,,,,,,,,,,,,,,BAD_VERSES,,,,,,,,,,,,,,,GOOD_VERSES,,,,,,,,,,,,,,,,,,,GOOD_VERSES
Disruptor,,,,GOOD_VERSES_WORKS_WITH,,,,,,,,,,,,,,WORKS_WITH,,,,,,,,,,,,,WORKS_WITH,,,,,,,,,GOOD_VERSES,,BAD_VERSES,WORKS_WITH,,,,,BAD_VERSES,,,,,,,,,,,,,,,,,,,BAD_VERSES,,,,,BAD_VERSES,,,,BAD_VERSES,GOOD_VERSES,,,,,,,,,,,GOOD_VERSES,,,,GOOD_VERSES,,,,,GOOD_VERSES,,,,,,,,,,,,,,WORKS_WITH,,,,,,WORKS_WITH
Doom,,BAD_VERSES,WORKS_WITH,GOOD_VERSES,GOOD_VERSES,GOOD_VERSES,,,,,,,GOOD_VERSES,,BAD_VERSES,,,,,WORKS_WITH,,,,,,,,BAD_VERSES,,,GOOD_VERSES,GOOD_VERSES,,,GOOD_VERSES,,,,GOOD_VERSES,,,,,,,,,BAD_VERSES,,,BAD_VERSES,,,,,BAD_VERSES,,,,,,,BAD_VERSES,,,,GOOD_VERSES,,,,,BAD_VERSES,,,,,,,,,,,,,,,,,BAD_VERSES,,,,WORKS_WITH,,,,,GOOD_VERSES,GOOD_VERSES,,,,,,,,,,BAD_VERSES,,,,,,,BAD_VERSES,
Dragon_Knight,,,BAD_VERSES,,,,,,,GOOD_VERSES,,,,,,,WORKS_WITH,GOOD_VERSES,,WORKS_WITH,,,,,,,,,,,,,,WORKS_WITH,,,,,,,,,,,,,BAD_VERSES,,,,,,,WORKS_WITH,,WORKS_WITH,,,,,,,BAD_VERSES,,GOOD_VERSES,,WORKS_WITH,,BAD_VERSES,,,,,,,,,BAD_VERSES,GOOD_VERSES,,,,,,,,,,,,GOOD_VERSES,,,,GOOD_VERSES,,,BAD_VERSES,,,WORKS_WITH,,,,,,WORKS_WITH,,BAD_VERSES,,,,,,GOOD_VERSES,,
Drow_Ranger,,,,GOOD_VERSES,,BAD_VERSES,,,,,,,,,,BAD_VERSES,,,BAD_VERSES_WORKS_WITH,,,,,,,,,,,,,GOOD_VERSES,,WORKS_WITH,,,,BAD_VERSES,,,,GOOD_VERSES,,,,,,,,,,,BAD_VERSES,,,WORKS_WITH,,GOOD_VERSES,,,,,,,BAD_VERSES,,BAD_VERSES,,,,,BAD_VERSES,,,BAD_VERSES,,,,BAD_VERSES,,,,,,,,,,,,,,,,,,,,BAD_VERSES,,,,BAD_VERSES,,,,WORKS_WITH,,,WORKS_WITH,,GOOD_VERSES_WORKS_WITH,WORKS_WITH,,,,
Earth_Spirit,BAD_VERSES,WORKS_WITH,,,,,,,,WORKS_WITH,,,,,,,,,,,WORKS_WITH,,,,,,,,,,,,,GOOD_VERSES,WORKS_WITH,,,BAD_VERSES,GOOD_VERSES,,,,,,,,,WORKS_WITH,,,,,BAD_VERSES,,,,,,,,,,,,,,,,,,,,,,GOOD_VERSES,,,,,,,,,,,,,,,,,,,BAD_VERSES_WORKS_WITH,GOOD_VERSES,,,,GOOD_VERSES,,,,,,,,,,,,,,,,,,
Earthshaker,,,,,,,,,,,,,,GOOD_VERSES,,GOOD_VERSES,,,BAD_VERSES,,WORKS_WITH,,,,BAD_VERSES,,,,BAD_VERSES,,,,,GOOD_VERSES_WORKS_WITH,,,,,,,,,,,,,,BAD_VERSES,,,,,,WORKS_WITH,,,GOOD_VERSES,,,,GOOD_VERSES_WORKS_WITH,GOOD_VERSES,,,,,,,,,,GOOD_VERSES,,WORKS_WITH,,,,,,,WORKS_WITH,,,,,BAD_VERSES,,,BAD_VERSES,BAD_VERSES,,,,,,,,,,,,,,,,,,,,,,,,,,,BAD_VERSES
Elder_Titan,,,,,,,,,,,,BAD_VERSES,,,,,,,BAD_VERSES,,,,,,WORKS_WITH,,,,,,,,,,WORKS_WITH,,,,,,,BAD_VERSES,,WORKS_WITH,,,BAD_VERSES,,,BAD_VERSES,,WORKS_WITH,,,,,,,,GOOD_VERSES,,,,,,,,,,,,GOOD_VERSES,,,,,,,,,,,,,,,WORKS_WITH,GOOD_VERSES,,,,,BAD_VERSES,,,GOOD_VERSES,,,,,,,,,,,,,GOOD_VERSES,,,,,,,,
Ember_Spirit,,,,,,,,,,,,,,,,GOOD_VERSES,,BAD_VERSES,,GOOD_VERSES,,,WORKS_WITH,,,,,,,,,,,,BAD_VERSES,,,,,,,,WORKS_WITH,BAD_VERSES,,,,,,BAD_VERSES,,,,WORKS_WITH,,,GOOD_VERSES,,,,,GOOD_VERSES,,,BAD_VERSES,,BAD_VERSES,,BAD_VERSES,,,GOOD_VERSES,,,,,GOOD_VERSES,,BAD_VERSES,,,,BAD_VERSES,,BAD_VERSES,,,,,,,BAD_VERSES,,,,GOOD_VERSES,,,,,,,,,,,,,,,,,,,,,
Enchantress,,,,,,,,,,,,,,BAD_VERSES,,,BAD_VERSES,,,BAD_VERSES,,,,,,,,,,,,GOOD_VERSES,,,,,,,,WORKS_WITH,,BAD_VERSES,,,WORKS_WITH,,WORKS_WITH,BAD_VERSES,BAD_VERSES,,,BAD_VERSES,GOOD_VERSES,,,,BAD_VERSES,,,,,,,,,,GOOD_VERSES,,,,,,,,,,,,BAD_VERSES,,,,,,,,,,,,GOOD_VERSES,,,,,,,BAD_VERSES,,,,BAD_VERSES_WORKS_WITH,,,,GOOD_VERSES,,,,,WORKS_WITH,,BAD_VERSES,,,,
Enigma,,,,GOOD_VERSES,,,,,,,,,,,,GOOD_VERSES,,,BAD_VERSES,GOOD_VERSES,WORKS_WITH,,,,,,,,,,,,,,,,,,,,,,,,,,,GOOD_VERSES,,,,,,,,,,,GOOD_VERSES,,BAD_VERSES_WORKS_WITH,,,,,,GOOD_VERSES,,WORKS_WITH,,,,WORKS_WITH,,BAD_VERSES,BAD_VERSES,,,,BAD_VERSES,,,,,BAD_VERSES,,,,,BAD_VERSES,,BAD_VERSES,,,,,,,,,,,,,,,BAD_VERSES,,,,BAD_VERSES_WORKS_WITH,,,BAD_VERSES,WORKS_WITH,,
Faceless_Void,BAD_VERSES,,,GOOD_VERSES,,,,,,,,,GOOD_VERSES,,,,,,,,,,,,WORKS_WITH,,,,,,,,,WORKS_WITH,,,,,GOOD_VERSES_WORKS_WITH,,WORKS_WITH,,,WORKS_WITH,,,WORKS_WITH,,,,,,,,,,,,,,,,,BAD_VERSES,,,,,WORKS_WITH,,,,BAD_VERSES_WORKS_WITH,,BAD_VERSES,,,,,,,BAD_VERSES,,,BAD_VERSES,,,GOOD_VERSES,,,,,,,,,,,,,,WORKS_WITH,,,,,BAD_VERSES,,,,,GOOD_VERSES,,,WORKS_WITH,,
Grimstroke,,,,BAD_VERSES,,,WORKS_WITH,,,,,,,GOOD_VERSES,,,,,,GOOD_VERSES_WORKS_WITH,,,,,,,,,,,,,,,,,,BAD_VERSES,,GOOD_VERSES,,,,,,,WORKS_WITH,,WORKS_WITH,WORKS_WITH,,,,,,,,,,,,,GOOD_VERSES_WORKS_WITH,,,,BAD_VERSES,,,,,GOOD_VERSES,BAD_VERSES_WORKS_WITH,,,WORKS_WITH,,,BAD_VERSES,BAD_VERSES,,BAD_VERSES,,,BAD_VERSES,,,,BAD_VERSES,,,,,,,GOOD_VERSES,,GOOD_VERSES,,,,,,,,,BAD_VERSES,,,,,GOOD_VERSES,,,WORKS_WITH,,
Gyrocopter,,,,,BAD_VERSES,,,,,WORKS_WITH,,,,,,GOOD_VERSES,,,,,,,,,WORKS_WITH,,,,,WORKS_WITH,,,,WORKS_WITH,,,,BAD_VERSES,,,,BAD_VERSES,,,,,,BAD_VERSES,BAD_VERSES,,,,,WORKS_WITH,,,GOOD_VERSES,,,,,,,,,,BAD_VERSES,,,,,GOOD_VERSES,,,,,BAD_VERSES,,,WORKS_WITH,,,,,,,,,,,,,,,,GOOD_VERSES,,BAD_VERSES,,,,,,,GOOD_VERSES,,,,,,WORKS_WITH,,,,,,
Huskar,BAD_VERSES,BAD_VERSES,BAD_VERSES_WORKS_WITH,,,BAD_VERSES,,,WORKS_WITH,BAD_VERSES,,,BAD_VERSES,,,BAD_VERSES,,,GOOD_VERSES,,,,WORKS_WITH,,,,GOOD_VERSES,,,GOOD_VERSES,,GOOD_VERSES,BAD_VERSES,,,,,,,,,BAD_VERSES,,,,,,BAD_VERSES,,,,,,,,,,,,,BAD_VERSES,GOOD_VERSES,BAD_VERSES_WORKS_WITH,,,,WORKS_WITH,WORKS_WITH,,,,,GOOD_VERSES,,,WORKS_WITH,,,,,,,,,,,BAD_VERSES,,,,,,,,,WORKS_WITH,,BAD_VERSES,,,,WORKS_WITH,,,,BAD_VERSES,,,,,,GOOD_VERSES,BAD_VERSES,,WORKS_WITH,,GOOD_VERSES
Invoker,,,,BAD_VERSES,,,,,,WORKS_WITH,,,,BAD_VERSES,,,,,,,WORKS_WITH,,,,WORKS_WITH,BAD_VERSES,,,,,,,,,BAD_VERSES_WORKS_WITH,,,GOOD_VERSES,,,,,,,GOOD_VERSES_WORKS_WITH,,,,,,,,,,,GOOD_VERSES,,,,,,WORKS_WITH,,BAD_VERSES,BAD_VERSES,,,,,,,,,,,,BAD_VERSES,,,,,,,,BAD_VERSES,,,,,,,BAD_VERSES,,,BAD_VERSES,,,,GOOD_VERSES,,,,,,,,,,BAD_VERSES,,,,,,,GOOD_VERSES,
Io,,,BAD_VERSES,,,,,,,BAD_VERSES,,,BAD_VERSES,,,WORKS_WITH,,BAD_VERSES,,,,,,,BAD_VERSES,,,GOOD_VERSES,,,,,,,,,WORKS_WITH,,,,,WORKS_WITH,,,BAD_VERSES_WORKS_WITH,BAD_VERSES,,WORKS_WITH,,,,BAD_VERSES,,,,,GOOD_VERSES,,,,,GOOD_VERSES,,,,,,,,,BAD_VERSES_WORKS_WITH,,GOOD_VERSES,,GOOD_VERSES,,,,,,,,,,,,,,BAD_VERSES,,BAD_VERSES_WORKS_WITH,,WORKS_WITH,,,,,,,WORKS_WITH,BAD_VERSES,,,GOOD_VERSES,,WORKS_WITH,,,,,,,,BAD_VERSES,,,
Jakiro,,,,BAD_VERSES,,GOOD_VERSES,,,,,,,,GOOD_VERSES,,GOOD_VERSES,GOOD_VERSES,,BAD_VERSES,,WORKS_WITH,,,,,,,,,,,,,,WORKS_WITH,,,,,,,,,WORKS_WITH,,,,BAD_VERSES,,,,,,WORKS_WITH,,,GOOD_VERSES,,,,,GOOD_VERSES,,,,,,BAD_VERSES,,,,GOOD_VERSES,,,,,,,GOOD_VERSES,BAD_VERSES,,WORKS_WITH,,,BAD_VERSES,BAD_VERSES,,,,,,,,,GOOD_VERSES,,,,,,GOOD_VERSES_WORKS_WITH,,,,,,,,,,,,,,,,
Juggernaut,,,,,,BAD_VERSES,,,,,,,,,,,,BAD_VERSES,,WORKS_WITH,,GOOD_VERSES,WORKS_WITH,,,,,,,,,,,,,,,,GOOD_VERSES,,,,GOOD_VERSES,,,,,,,,,,,,,,,,,,,,GOOD_VERSES,,,,BAD_VERSES,,BAD_VERSES,,,BAD_VERSES,GOOD_VERSES,,,,,,,,,,,WORKS_WITH,,,,,,,,,,,GOOD_VERSES,,,,,,,,,,,BAD_VERSES,,WORKS_WITH,,,,,,,,,GOOD_VERSES_WORKS_WITH
Keeper_of_the_Light,,,,BAD_VERSES_WORKS_WITH,,,,,,,,,GOOD_VERSES,,,,,,,,,,,,,,,,GOOD_VERSES,,,,,,,,,BAD_VERSES,,,,,,,BAD_VERSES,,,BAD_VERSES,WORKS_WITH,,,WORKS_WITH,,,,,,,GOOD_VERSES,,,,,BAD_VERSES,BAD_VERSES,,,,,,,,,,WORKS_WITH,,,,,,,,,,,,,,,,,,,,,,,GOOD_VERSES,,,,,,,,,,,,,,,,,,GOOD_VERSES,
Kunkka,,,,,,,,,,,,,,GOOD_VERSES,,GOOD_VERSES,,BAD_VERSES,,,WORKS_WITH,,,,,,,,,,,,,,WORKS_WITH,,,BAD_VERSES_WORKS_WITH,,,,BAD_VERSES,,,,,,BAD_VERSES_WORKS_WITH,,,,,,,,,GOOD_VERSES,BAD_VERSES,,,,,,,,,BAD_VERSES,,BAD_VERSES,,,GOOD_VERSES,BAD_VERSES,,,,GOOD_VERSES,,,,GOOD_VERSES,,,,BAD_VERSES,,,WORKS_WITH,BAD_VERSES,GOOD_VERSES,,,,,,,,,,,,,,,,BAD_VERSES,,,,,GOOD_VERSES,,,,,,
Legion_Commander,BAD_VERSES,,WORKS_WITH,GOOD_VERSES,,,BAD_VERSES,,,,,,GOOD_VERSES,GOOD_VERSES,,,GOOD_VERSES,,,,,,BAD_VERSES,,WORKS_WITH,,BAD_VERSES,GOOD_VERSES,,,,,,,,,,GOOD_VERSES,WORKS_WITH,BAD_VERSES,,,,,,,,WORKS_WITH,,,,,,,,BAD_VERSES,,WORKS_WITH,,,,,,,,,BAD_VERSES,BAD_VERSES,,,,,,,BAD_VERSES,BAD_VERSES,,BAD_VERSES,,,,,WORKS_WITH,,WORKS_WITH,WORKS_WITH,,,GOOD_VERSES,,,,,,,GOOD_VERSES,,,,,BAD_VERSES,WORKS_WITH,,BAD_VERSES,,BAD_VERSES_WORKS_WITH,BAD_VERSES,,,BAD_VERSES,,GOOD_VERSES,,BAD_VERSES,BAD_VERSES_WORKS_WITH,,WORKS_WITH
Leshrac,,,,BAD_VERSES,,,,,,,,,,GOOD_VERSES,,,GOOD_VERSES,,BAD_VERSES,,WORKS_WITH,,,,,,,,,,,,,WORKS_WITH,,,,,,GOOD_VERSES,,,BAD_VERSES,,,,,BAD_VERSES,,,,,,WORKS_WITH,,,GOOD_VERSES,,,,,,,,BAD_VERSES,,,,,,,GOOD_VERSES,,,,BAD_VERSES,,,,,,GOOD_VERSES,,,,,,,,,,,,,,,,,,,,,,,,,,,,GOOD_VERSES,,,,,,,
Lich,,,,BAD_VERSES,,WORKS_WITH,,,,,,,,BAD_VERSES,,GOOD_VERSES,,,,,,,,,,,,,,,,,,WORKS_WITH,WORKS_WITH,,,BAD_VERSES,,,,,,,,,,,,,,,,WORKS_WITH,,,GOOD_VERSES,,,,,BAD_VERSES,,,,,,,,,,,,,,,,,,,,,,,,,,,,,,,,,,,,,,,WORKS_WITH,,,,,,,,,,,BAD_VERSES,,,WORKS_WITH,,
Lifestealer,,,BAD_VERSES,,,,BAD_VERSES,,BAD_VERSES_WORKS_WITH,,,,,,,BAD_VERSES,,BAD_VERSES,WORKS_WITH,,,,,,,,,,,,,,GOOD_VERSES,,,,,,,,,,,,,,,,,,,BAD_VERSES,,,,,,,BAD_VERSES,,,,,,,,,,,,,BAD_VERSES,,,,,WORKS_WITH,,WORKS_WITH,,,,,,,,WORKS_WITH,BAD_VERSES,,GOOD_VERSES,BAD_VERSES_WORKS_WITH,WORKS_WITH,,GOOD_VERSES,,BAD_VERSES,,,GOOD_VERSES,,,,,,,BAD_VERSES,,,,,,BAD_VERSES,,,,,
Lina,,,,BAD_VERSES,,,WORKS_WITH,,,,,,,,,,GOOD_VERSES,,,GOOD_VERSES,,,,,,,,,,,,,GOOD_VERSES,,BAD_VERSES,,,,,,,,,,,,,BAD_VERSES,,,,,,,,,,GOOD_VERSES,,,,,,,BAD_VERSES,,,,,,GOOD_VERSES,BAD_VERSES,,,,WORKS_WITH,,,,,GOOD_VERSES,WORKS_WITH,,GOOD_VERSES,BAD_VERSES,,,BAD_VERSES,,BAD_VERSES,,,BAD_VERSES_WORKS_WITH,,,GOOD_VERSES,,,,,,,,,,,,,,,,,,,,,
Lion,BAD_VERSES,,,WORKS_WITH,,,,,,,,,,,WORKS_WITH,,,,,,,,,,,,,GOOD_VERSES,,,,GOOD_VERSES,GOOD_VERSES,,,,,,,,,,,,,WORKS_WITH,,BAD_VERSES,,,,,,,,GOOD_VERSES,BAD_VERSES,,,,,,,,BAD_VERSES,,BAD_VERSES,,,,GOOD_VERSES,,,BAD_VERSES,,,,,,BAD_VERSES,,,,,,,,BAD_VERSES,,,,,,,,,BAD_VERSES,,WORKS_WITH,,,,,,,WORKS_WITH,,,,,,GOOD_VERSES,,,,GOOD_VERSES,
Lone_Druid,,,,,,,,,WORKS_WITH,,,,,,,,,,,,,,,,,,,,,,,,,,BAD_VERSES,,,,,,,,,,BAD_VERSES,,,,,,,,WORKS_WITH,,,,,,,,,GOOD_VERSES,,,,WORKS_WITH,WORKS_WITH,,,,BAD_VERSES,,,,,,,,,,,,,,GOOD_VERSES,,,BAD_VERSES,,,,,,,,,,,BAD_VERSES,,,,,,,,,,,,,,,,,,
Luna,,,,,BAD_VERSES,,GOOD_VERSES,,,,,,BAD_VERSES,BAD_VERSES,,,GOOD_VERSES,,,WORKS_WITH,,,,,,,,WORKS_WITH,,,,,GOOD_VERSES,,,,,BAD_VERSES,,,,BAD_VERSES,WORKS_WITH,,GOOD_VERSES,,,GOOD_VERSES,BAD_VERSES,,,,,,,,BAD_VERSES,,,,,,GOOD_VERSES,WORKS_WITH,,,WORKS_WITH,,,,,BAD_VERSES,,,BAD_VERSES,GOOD_VERSES,,,,,,WORKS_WITH,,,,,,BAD_VERSES,BAD_VERSES,,,,,BAD_VERSES,,,,,BAD_VERSES,,,,,,,,WORKS_WITH,,,,,,,,,,BAD_VERSES
Lycan,,,,,GOOD_VERSES,BAD_VERSES,,,BAD_VERSES_WORKS_WITH,BAD_VERSES,,,BAD_VERSES,WORKS_WITH,,,WORKS_WITH,,,,,,,,,,,GOOD_VERSES,,,,,,,,,,,,,,,,,,,GOOD_VERSES,,,,,,,,,,,,,,,WORKS_WITH,,WORKS_WITH,,,BAD_VERSES,,,,BAD_VERSES,,,,,,,,,,,,,,,,,,,,,,BAD_VERSES,GOOD_VERSES,,,,BAD_VERSES,,,,,,,,GOOD_VERSES,,,,,,,,,,,
Magnus,,BAD_VERSES,,WORKS_WITH,,,,,,,,,,,,GOOD_VERSES,,,,,,,,,,,,,,,,,,WORKS_WITH,,,,,,,,,,,,,,GOOD_VERSES,,,,,,,,,GOOD_VERSES,,,,,,,BAD_VERSES,,,,,,,WORKS_WITH,GOOD_VERSES,BAD_VERSES,,,,,,,BAD_VERSES,,,,,,,,,BAD_VERSES,BAD_VERSES,,,WORKS_WITH,,,,,,BAD_VERSES,,BAD_VERSES,WORKS_WITH,,,,,,BAD_VERSES,,,,,,,,BAD_VERSES,BAD_VERSES
Mars,,,,,,,,,,,,,,,,,,,,,,,,,,,,,,,,,,,,,,,,,,,,,,,,,,,,,,,,,,,,,,,,,,,,,,,,,,,,,,,,,,,,,,,,,,,,,,,,,,,,,,,,,,,,,,,,,,,,,
Medusa,,,,BAD_VERSES,BAD_VERSES,GOOD_VERSES_WORKS_WITH,,,,,,,,,,GOOD_VERSES,,,,,,,,,,,,WORKS_WITH,,WORKS_WITH,,,GOOD_VERSES,GOOD_VERSES,WORKS_WITH,,,,BAD_VERSES,,,,,,,,,GOOD_VERSES,,,,,,,,,BAD_VERSES,,,GOOD_VERSES,,,GOOD_VERSES,,BAD_VERSES,,,,BAD_VERSES,,,BAD_VERSES,,,,,,,,,,WORKS_WITH,,,,,GOOD_VERSES,BAD_VERSES,BAD_VERSES,GOOD_VERSES,,,GOOD_VERSES,,,,,,,,,,,,GOOD_VERSES,,,,,,,,,,WORKS_WITH,,
Meepo,,,,GOOD_VERSES,,BAD_VERSES,,,,,,,,,,,,,,,,,,,WORKS_WITH,,,,,BAD_VERSES,,BAD_VERSES,,,,,,,,,,,,BAD_VERSES_WORKS_WITH,GOOD_VERSES,,BAD_VERSES,,,,,,,,,,,,,,,,,,,,,,,BAD_VERSES,,GOOD_VERSES,,,,,GOOD_VERSES,,,,,,,,WORKS_WITH,,,,,,GOOD_VERSES,GOOD_VERSES,BAD_VERSES_WORKS_WITH,,,BAD_VERSES,,,,,,,,,,,,,,,,,,BAD_VERSES,,,
Mirana,BAD_VERSES,,,,BAD_VERSES,WORKS_WITH,WORKS_WITH,WORKS_WITH,,,,,,,,,,,WORKS_WITH,GOOD_VERSES,,,,,,,,GOOD_VERSES,,,,,,,,,,BAD_VERSES,GOOD_VERSES,,,,,,,,,,,,,,,,,,BAD_VERSES,,,,,,,,,,,,,,,,,BAD_VERSES,,,,,,,,WORKS_WITH,,,,,,BAD_VERSES,,,,,,GOOD_VERSES,,,,,,,,,,WORKS_WITH,,,,,,,,,,,GOOD_VERSES,,
Monkey_King,,,,,,,,BAD_VERSES,BAD_VERSES_WORKS_WITH,,BAD_VERSES,BAD_VERSES,,,,,GOOD_VERSES,,BAD_VERSES,WORKS_WITH,WORKS_WITH,,,,BAD_VERSES,,,GOOD_VERSES,BAD_VERSES,,WORKS_WITH,,,BAD_VERSES,,,,,,,,,BAD_VERSES_WORKS_WITH,,,,,,,,,,,BAD_VERSES_WORKS_WITH,,,,,,,,GOOD_VERSES_WORKS_WITH,,,,,,WORKS_WITH,,BAD_VERSES,BAD_VERSES,,,WORKS_WITH,BAD_VERSES,,BAD_VERSES,,,,,,GOOD_VERSES,,GOOD_VERSES,GOOD_VERSES,BAD_VERSES,,GOOD_VERSES,BAD_VERSES,BAD_VERSES,BAD_VERSES,,BAD_VERSES,,,,BAD_VERSES,,,WORKS_WITH,WORKS_WITH,,,,,BAD_VERSES,BAD_VERSES,,BAD_VERSES,,,BAD_VERSES,,GOOD_VERSES,,
Morphling,,,BAD_VERSES,BAD_VERSES,BAD_VERSES,,,,,GOOD_VERSES,,,,,,,,,GOOD_VERSES,,,,,,,,,GOOD_VERSES_WORKS_WITH,BAD_VERSES,,BAD_VERSES,BAD_VERSES,,,,,,,,,,,,,,,,,,BAD_VERSES,GOOD_VERSES,,,,,,BAD_VERSES,BAD_VERSES,,,,,,,,,,WORKS_WITH,BAD_VERSES,,GOOD_VERSES,,,,,WORKS_WITH,,GOOD_VERSES,,BAD_VERSES,,,,,,BAD_VERSES,,,GOOD_VERSES,,,,,,,,,,,WORKS_WITH,,,,,,,,,,,,,,,,,
Naga_Siren,,,,,GOOD_VERSES,BAD_VERSES,,,,,GOOD_VERSES,,,,,,GOOD_VERSES,,,GOOD_VERSES,,,WORKS_WITH,,WORKS_WITH,,,,,BAD_VERSES,,,BAD_VERSES,GOOD_VERSES,,,,BAD_VERSES,,,,,,WORKS_WITH,GOOD_VERSES,,,,,BAD_VERSES,,,,GOOD_VERSES,,,,,,,,GOOD_VERSES,,GOOD_VERSES,,,GOOD_VERSES,,BAD_VERSES,,,,,,,,,WORKS_WITH,,,,,,,,,,,,,,,,,GOOD_VERSES,,WORKS_WITH,BAD_VERSES,,,,,,,,,,,GOOD_VERSES,,,,,GOOD_VERSES,,,BAD_VERSES
Nature's_Prophet,,,,,,,,BAD_VERSES,,WORKS_WITH,,,,BAD_VERSES,,,,,BAD_VERSES,,,,,BAD_VERSES,,,,,,BAD_VERSES,BAD_VERSES,BAD_VERSES,,,,,,,WORKS_WITH,,BAD_VERSES,,,,,,GOOD_VERSES,,BAD_VERSES,,,BAD_VERSES,WORKS_WITH,,,,BAD_VERSES,,,,BAD_VERSES,,,,,,,,,,,,,,,,,,WORKS_WITH,,BAD_VERSES,,,BAD_VERSES,,,,,,BAD_VERSES,BAD_VERSES,BAD_VERSES,,GOOD_VERSES,,,,,BAD_VERSES,,,,,BAD_VERSES,,,,GOOD_VERSES,,BAD_VERSES,,,WORKS_WITH,,,,
Necrophos,WORKS_WITH,,BAD_VERSES,BAD_VERSES,,GOOD_VERSES_WORKS_WITH,,,,,,,GOOD_VERSES,,,,,,,,,,BAD_VERSES,,,,,,,,,,,,,,,,,,,,,,WORKS_WITH,,,,,,,,,,,,BAD_VERSES,,,,,,,,,,BAD_VERSES,BAD_VERSES,,,,BAD_VERSES,GOOD_VERSES,,GOOD_VERSES,WORKS_WITH,,,,BAD_VERSES,,,,,,,,,,,,,GOOD_VERSES,,,,,,,,,,,,,,,,,,,,,,,,
Night_Stalker,,,,GOOD_VERSES,,,,,,,GOOD_VERSES,,,,,BAD_VERSES,,GOOD_VERSES,,,,,,,,,,,,GOOD_VERSES,,,,,,,,BAD_VERSES,,,,,GOOD_VERSES,,,,,,,,,WORKS_WITH,BAD_VERSES_WORKS_WITH,,,,BAD_VERSES,,,,BAD_VERSES,,,,,,BAD_VERSES,,,,,BAD_VERSES,,,,,,,GOOD_VERSES,,,,,,,,,GOOD_VERSES,WORKS_WITH,,,GOOD_VERSES,,,,BAD_VERSES,BAD_VERSES,,GOOD_VERSES,,,,,,,,,,,,,,,,,BAD_VERSES,
Nyx_Assassin,,,,,BAD_VERSES,,,,,WORKS_WITH,BAD_VERSES,,,,,,,,,GOOD_VERSES,,,,,,,,,,,,GOOD_VERSES,,GOOD_VERSES,,,,,WORKS_WITH,,,BAD_VERSES,,,WORKS_WITH,,,BAD_VERSES_WORKS_WITH,,,,,,,,GOOD_VERSES,,,,,,,,BAD_VERSES,,,,,GOOD_VERSES,,,,GOOD_VERSES,GOOD_VERSES,,,,,,,,,,,,,BAD_VERSES,,GOOD_VERSES,,,GOOD_VERSES,,,,,,,GOOD_VERSES,,,,,,,,,,,BAD_VERSES,,,GOOD_VERSES,,,,
Ogre_Magi,,,,,,,,,,,,,,,,BAD_VERSES,,,,,,,,,,,,,,,,,,,,,,,,GOOD_VERSES,,WORKS_WITH,,,,,,BAD_VERSES,,,,,,,,,BAD_VERSES,,,,,,,,,,BAD_VERSES,BAD_VERSES,,,,BAD_VERSES,,,,,,,,,,,WORKS_WITH,,,,,,WORKS_WITH,,,,WORKS_WITH,,GOOD_VERSES,,,,,,GOOD_VERSES,,,,,,,,,,,,,,,WORKS_WITH,
Omniknight,,,,,,GOOD_VERSES,,,,,,BAD_VERSES,,,,GOOD_VERSES,,,WORKS_WITH,WORKS_WITH,,,,GOOD_VERSES,,BAD_VERSES,,,,,,,,,,,,,BAD_VERSES,,,GOOD_VERSES,WORKS_WITH,,GOOD_VERSES,,,,,,,BAD_VERSES,,,,,,,,,BAD_VERSES,,,,,,,BAD_VERSES,BAD_VERSES,,WORKS_WITH,,,,WORKS_WITH,,,BAD_VERSES,,BAD_VERSES,,BAD_VERSES,WORKS_WITH,,BAD_VERSES,,,,,,,WORKS_WITH,,,,,,,,,,,,,,,,,,,,,,GOOD_VERSES,,,
Oracle,,WORKS_WITH,GOOD_VERSES_WORKS_WITH,BAD_VERSES,,CONFUSED,,GOOD_VERSES,,,,,BAD_VERSES,,,,,,,,,GOOD_VERSES,,WORKS_WITH,,,,,,,,GOOD_VERSES,GOOD_VERSES,,BAD_VERSES,,,WORKS_WITH,,WORKS_WITH,,,,,GOOD_VERSES_WORKS_WITH,WORKS_WITH,,,,,,,,,,,,,WORKS_WITH,,,,GOOD_VERSES,,,,GOOD_VERSES,,,,,BAD_VERSES,,,GOOD_VERSES,,,,,GOOD_VERSES,,BAD_VERSES_WORKS_WITH,BAD_VERSES,,,GOOD_VERSES,,,GOOD_VERSES,,,,,,,,,WORKS_WITH,,,,,,,,WORKS_WITH,,GOOD_VERSES,,,,,,,,,
Outworld_Devourer,,,,GOOD_VERSES,,,,,,,,BAD_VERSES,,,,,,,,,,,,,,,,,,,,,,,,,,GOOD_VERSES,,,,,,,CONFUSED,,,,,,BAD_VERSES,,,,,GOOD_VERSES,,,,GOOD_VERSES,,,,,BAD_VERSES,WORKS_WITH,WORKS_WITH,,,,,,,,,BAD_VERSES,,,,BAD_VERSES,,WORKS_WITH,,,BAD_VERSES_WORKS_WITH,,,,BAD_VERSES,,,,,,BAD_VERSES,,,GOOD_VERSES,,,,,,,,,,,,,,,,GOOD_VERSES_WORKS_WITH,,GOOD_VERSES,
Pangolier,WORKS_WITH,,WORKS_WITH,BAD_VERSES,GOOD_VERSES,,,WORKS_WITH,BAD_VERSES,BAD_VERSES,,WORKS_WITH,,GOOD_VERSES,BAD_VERSES,,,,WORKS_WITH,,,,,,,BAD_VERSES,,WORKS_WITH,WORKS_WITH,,,,,,BAD_VERSES,,,,,,WORKS_WITH,,,,,,,,,,,,,,,BAD_VERSES_WORKS_WITH,GOOD_VERSES,,GOOD_VERSES,,BAD_VERSES,,BAD_VERSES,,,,BAD_VERSES,,BAD_VERSES,,,GOOD_VERSES,,,,,BAD_VERSES,,,,,,,,,,,,,,BAD_VERSES,BAD_VERSES,,,,GOOD_VERSES,,GOOD_VERSES,,,BAD_VERSES,,,,WORKS_WITH,,BAD_VERSES,,,GOOD_VERSES,,GOOD_VERSES_WORKS_WITH,,,,,
Phantom_Assassin,,,WORKS_WITH,GOOD_VERSES,,BAD_VERSES,BAD_VERSES,,WORKS_WITH,,,,,BAD_VERSES,BAD_VERSES,,,,,GOOD_VERSES,,,GOOD_VERSES,,,,BAD_VERSES,,,,,,,,,,,,,,,,,,,,,,,BAD_VERSES,,,,WORKS_WITH,,,,,,BAD_VERSES,,GOOD_VERSES,,,,,BAD_VERSES_WORKS_WITH,,,,,,BAD_VERSES,BAD_VERSES,,,,BAD_VERSES,GOOD_VERSES,,,,,,,BAD_VERSES,WORKS_WITH,,GOOD_VERSES,BAD_VERSES,,,,,,,,BAD_VERSES,BAD_VERSES,,,WORKS_WITH,,,,,WORKS_WITH,,,,,,,,,,
Phantom_Lancer,,,,,GOOD_VERSES,BAD_VERSES,WORKS_WITH,,,,GOOD_VERSES,,BAD_VERSES,,BAD_VERSES,GOOD_VERSES,,,GOOD_VERSES,WORKS_WITH,,,WORKS_WITH,,GOOD_VERSES,,,,,BAD_VERSES,,BAD_VERSES,,,,,BAD_VERSES,,,,WORKS_WITH,,WORKS_WITH,BAD_VERSES,,BAD_VERSES,,GOOD_VERSES,,,GOOD_VERSES,,,BAD_VERSES,,,BAD_VERSES,,,,,,,,,,,WORKS_WITH,,BAD_VERSES,,,BAD_VERSES,BAD_VERSES,,,,,,,BAD_VERSES,,,WORKS_WITH,,,WORKS_WITH,GOOD_VERSES,,,WORKS_WITH,BAD_VERSES,BAD_VERSES,,GOOD_VERSES,,,,,,GOOD_VERSES,,,,WORKS_WITH,GOOD_VERSES,,WORKS_WITH,GOOD_VERSES,GOOD_VERSES,,,,,BAD_VERSES,GOOD_VERSES,
Phoenix,,,,,BAD_VERSES,,,,BAD_VERSES,BAD_VERSES,,,,,,BAD_VERSES,GOOD_VERSES,,,,,,,,,,,,,,,,,WORKS_WITH,WORKS_WITH,,,BAD_VERSES,WORKS_WITH,,,BAD_VERSES,WORKS_WITH,,GOOD_VERSES,,,BAD_VERSES_WORKS_WITH,,,,,,,,,BAD_VERSES,,GOOD_VERSES,,,,BAD_VERSES,BAD_VERSES,,,,,,,GOOD_VERSES,BAD_VERSES,,,,,,,,,,,,,BAD_VERSES,,,,,,,,WORKS_WITH,,GOOD_VERSES,,,,WORKS_WITH,,WORKS_WITH,BAD_VERSES,,,,BAD_VERSES,,,BAD_VERSES,,WORKS_WITH,,,,,,
Puck,,,,,BAD_VERSES,,,,,,,,,,,,,,,GOOD_VERSES,,,,,,,,,,,,,,WORKS_WITH,BAD_VERSES,,,,WORKS_WITH,,BAD_VERSES,,,WORKS_WITH,,,,,,,,,BAD_VERSES,,,,,GOOD_VERSES,,,,,,BAD_VERSES,BAD_VERSES,,,,,,,,GOOD_VERSES_WORKS_WITH,,,,,,,,,,,,BAD_VERSES,,,,GOOD_VERSES,,,,,,BAD_VERSES,GOOD_VERSES,,,,,,,,,,,,BAD_VERSES,,,,,,,WORKS_WITH,BAD_VERSES,
Pudge,BAD_VERSES,,,BAD_VERSES,WORKS_WITH,GOOD_VERSES,,,,GOOD_VERSES,,,BAD_VERSES,,,,,,,GOOD_VERSES,,,,,,BAD_VERSES,,GOOD_VERSES,,,,,,,,,,,,,,,,,BAD_VERSES,,,BAD_VERSES_WORKS_WITH,,,,GOOD_VERSES,,,,,,,,,,,,,,,,,WORKS_WITH,,,,,,,WORKS_WITH,,,,,,,,,,,,,GOOD_VERSES,GOOD_VERSES,,,,GOOD_VERSES_WORKS_WITH,GOOD_VERSES,,BAD_VERSES,BAD_VERSES,,WORKS_WITH,,,,,,,,,,,,BAD_VERSES,,,,,GOOD_VERSES
Pugna,,,,BAD_VERSES,,,,,,,,,,,,GOOD_VERSES,,,BAD_VERSES,,,,,,,,,,,,,,GOOD_VERSES,,GOOD_VERSES,,,,GOOD_VERSES,WORKS_WITH,,GOOD_VERSES,,,WORKS_WITH,GOOD_VERSES,,,,,,BAD_VERSES,,,,WORKS_WITH,,,,,,,WORKS_WITH,,BAD_VERSES,,,,GOOD_VERSES,,GOOD_VERSES,BAD_VERSES,,,,,,,,,,,GOOD_VERSES,WORKS_WITH,,WORKS_WITH,,GOOD_VERSES,BAD_VERSES,,,,,,,,,GOOD_VERSES,,,,,,,,,,,,,,,,,,,
Queen_of_Pain,,,,BAD_VERSES,BAD_VERSES,WORKS_WITH,,,,BAD_VERSES,,,,,,,,,,,WORKS_WITH,,,BAD_VERSES,BAD_VERSES,,,GOOD_VERSES,,,,,GOOD_VERSES,WORKS_WITH,WORKS_WITH,,,GOOD_VERSES,,,,,,,,,,WORKS_WITH,,,,BAD_VERSES,,WORKS_WITH,,,BAD_VERSES,,,,,,,BAD_VERSES,BAD_VERSES,,WORKS_WITH,,,,,,,BAD_VERSES,,,,,,,,,,,,BAD_VERSES,,GOOD_VERSES,,,,,,,,,,,,,,,,,,,,,,,,,,,,,
Razor,,,,BAD_VERSES,,,WORKS_WITH,,,,,,GOOD_VERSES,,,BAD_VERSES,,,,,,,,WORKS_WITH,,,,,BAD_VERSES,,,,,,,,,BAD_VERSES,,,,,,,,,,GOOD_VERSES,,,,,,,,,,,GOOD_VERSES,,WORKS_WITH,,BAD_VERSES,,,,GOOD_VERSES,,BAD_VERSES_WORKS_WITH,,GOOD_VERSES,,,,,,BAD_VERSES,,,,,WORKS_WITH,,,,,,BAD_VERSES,BAD_VERSES,,,,,,,,,,,,,GOOD_VERSES,,,,,,,BAD_VERSES,,,BAD_VERSES,,,,,
Riki,,,,,GOOD_VERSES,BAD_VERSES_WORKS_WITH,,,,,BAD_VERSES,,BAD_VERSES,,,,GOOD_VERSES,,,GOOD_VERSES,WORKS_WITH,,,,,,,GOOD_VERSES,,,,,,WORKS_WITH,BAD_VERSES_WORKS_WITH,,,,,,,,,,BAD_VERSES,,,WORKS_WITH,,,,,,WORKS_WITH,,,GOOD_VERSES_WORKS_WITH,,,,,,,,,,,,,,,,,,,,,BAD_VERSES,,,,,,,,GOOD_VERSES,BAD_VERSES,,GOOD_VERSES,,,,BAD_VERSES,,,,,,,,,,,,,GOOD_VERSES,,,,,,,,,,,BAD_VERSES
Rubick,,WORKS_WITH,WORKS_WITH,,,,,,,,,,BAD_VERSES,,,,,BAD_VERSES,,GOOD_VERSES_WORKS_WITH,,,,,,,,,,GOOD_VERSES,,,,GOOD_VERSES,,,,BAD_VERSES,GOOD_VERSES,,,,,,BAD_VERSES,,GOOD_VERSES,,GOOD_VERSES,GOOD_VERSES,,GOOD_VERSES,,GOOD_VERSES,,,,,,GOOD_VERSES,,,,,,,GOOD_VERSES,,,,,,,,WORKS_WITH,,,,BAD_VERSES,,,,,,BAD_VERSES,,,BAD_VERSES,,,,,,,,,,,,,,,,,,,,,,,,,,,,,
Sand_King,,,,,,,,,,,,,,GOOD_VERSES,,,,,,WORKS_WITH,,,,,,,,,BAD_VERSES,WORKS_WITH,,,,,,,,,,,,,WORKS_WITH,BAD_VERSES,,,,,,,,,,,,,GOOD_VERSES,,WORKS_WITH,,,GOOD_VERSES,,,,,WORKS_WITH,,,,GOOD_VERSES,,BAD_VERSES,,,,,,,BAD_VERSES,,,,,BAD_VERSES,,,GOOD_VERSES,,,,,,,GOOD_VERSES,,WORKS_WITH,,,WORKS_WITH,,,,,,,,,,,WORKS_WITH,,,,,,BAD_VERSES
Shadow_Demon,BAD_VERSES,GOOD_VERSES,WORKS_WITH,GOOD_VERSES,,,,,,,,,,,,,,,,,,,WORKS_WITH,,,,,,,,,BAD_VERSES,,,,,,,,,,GOOD_VERSES,,,CONFUSED,BAD_VERSES,,,,BAD_VERSES,,GOOD_VERSES_WORKS_WITH,,,,,,BAD_VERSES,,,,,GOOD_VERSES,,,,CONFUSED,BAD_VERSES,,,,,,,,,,,,,,,,,,,,BAD_VERSES,,GOOD_VERSES,,BAD_VERSES,,,,WORKS_WITH,,,,,,,,,,,,,,,WORKS_WITH,,,,,,
Shadow_Fiend,,,,,,BAD_VERSES,BAD_VERSES_WORKS_WITH,,,,BAD_VERSES,,,,,,,,GOOD_VERSES_WORKS_WITH,,,,,,BAD_VERSES,BAD_VERSES,,,,,,,,WORKS_WITH,,,,,,,,,,,WORKS_WITH,,,,,,,,,WORKS_WITH,,,GOOD_VERSES,,,,,GOOD_VERSES,,,,,,,,,,,,,,BAD_VERSES,,,,,,,,,GOOD_VERSES,,WORKS_WITH,GOOD_VERSES,BAD_VERSES,,BAD_VERSES,,,,,,,,,,,,,,,BAD_VERSES,WORKS_WITH,,,,,,,,,,BAD_VERSES
Shadow_Shaman,,,,,,,,,,,,,,,,,,,,,,,,,,,,,,,,,,,,,,GOOD_VERSES,,,,WORKS_WITH,,,WORKS_WITH,,,,,,,,,,,,,BAD_VERSES,,BAD_VERSES,,GOOD_VERSES,,,,,,,,,,,,,,WORKS_WITH,,,BAD_VERSES,,,,,,,,,,,,GOOD_VERSES,,,,GOOD_VERSES,GOOD_VERSES,,,,,,WORKS_WITH,,,,WORKS_WITH,,,,BAD_VERSES,,GOOD_VERSES,,,,BAD_VERSES,
Silencer,,,,WORKS_WITH,,,,,,,,,GOOD_VERSES,BAD_VERSES,,,,,,GOOD_VERSES_WORKS_WITH,,,,,,,,,,,,,,GOOD_VERSES,,,,,,,,,,,,,,,,,,,BAD_VERSES,,,,,,,,,,,,BAD_VERSES,,,,GOOD_VERSES_WORKS_WITH,,BAD_VERSES,BAD_VERSES,,,WORKS_WITH,GOOD_VERSES,,,,,,,,,,,,BAD_VERSES,BAD_VERSES,,,,,,,,,GOOD_VERSES,GOOD_VERSES,,,,,,,BAD_VERSES,,,,,,,GOOD_VERSES,,,,GOOD_VERSES
Skywrath_Mage,BAD_VERSES,GOOD_VERSES,,BAD_VERSES,,,,,,,,,,,WORKS_WITH,,,,,,,,,,,,,,,,,,GOOD_VERSES,,WORKS_WITH,,,BAD_VERSES,,,,,,,WORKS_WITH,,,,,,,,,,,,,,,,,,,,BAD_VERSES,,BAD_VERSES,WORKS_WITH,,,,,,,,BAD_VERSES_WORKS_WITH,,BAD_VERSES,,,,,,,WORKS_WITH,,,,,,,GOOD_VERSES,,,,,,GOOD_VERSES,,,,,,,WORKS_WITH,,GOOD_VERSES,,,,,,,GOOD_VERSES,,BAD_VERSES,
Slardar,BAD_VERSES,GOOD_VERSES_WORKS_WITH,,,,,,,,,GOOD_VERSES_WORKS_WITH,,,,,,,GOOD_VERSES,,,,,,,,,,,,,,,,,,,,,,,,,,,GOOD_VERSES,,,WORKS_WITH,,,,,,,,,BAD_VERSES,,,,,,,,,,,BAD_VERSES,,,WORKS_WITH,BAD_VERSES,,,,,,,GOOD_VERSES,,,,GOOD_VERSES_WORKS_WITH,,,,,,,,,,,,WORKS_WITH,,,,,,,,,,,,WORKS_WITH,,,,,GOOD_VERSES,,,,,
Slark,,,BAD_VERSES,BAD_VERSES,GOOD_VERSES,BAD_VERSES,WORKS_WITH,,,BAD_VERSES,,,,,BAD_VERSES,BAD_VERSES,,,,,,,,,BAD_VERSES,,,GOOD_VERSES,,BAD_VERSES_WORKS_WITH,,,,,,,,,,,,,,WORKS_WITH,,,,,,,,GOOD_VERSES,,WORKS_WITH,,GOOD_VERSES,BAD_VERSES,,,,,,,,,,BAD_VERSES_WORKS_WITH,,,,,BAD_VERSES,,BAD_VERSES,,,BAD_VERSES,,,,,,,,,WORKS_WITH,,,GOOD_VERSES,GOOD_VERSES,,BAD_VERSES,,,GOOD_VERSES,,,,,BAD_VERSES,,WORKS_WITH,,WORKS_WITH,,,,,,,GOOD_VERSES,,,,WORKS_WITH,,
Sniper,,,,,,BAD_VERSES,,,,WORKS_WITH,BAD_VERSES,,,,BAD_VERSES,,,,BAD_VERSES,,,,,,,,,GOOD_VERSES_WORKS_WITH,,,,,,GOOD_VERSES,,,,,BAD_VERSES,,,,,,,,WORKS_WITH,BAD_VERSES,,,,,,,,GOOD_VERSES,,,,,,,,,,WORKS_WITH,BAD_VERSES,,,,BAD_VERSES,,,,BAD_VERSES,,,,,,,,,,GOOD_VERSES,,,BAD_VERSES,,BAD_VERSES,BAD_VERSES,BAD_VERSES,,,,,,,,,,,BAD_VERSES,,,,,,,,,BAD_VERSES,,,,,
Spectre,,,GOOD_VERSES,BAD_VERSES,,,,,,WORKS_WITH,WORKS_WITH,,,,,,WORKS_WITH,,,GOOD_VERSES,,,,,,,,GOOD_VERSES,,WORKS_WITH,,,,WORKS_WITH,,,,,,,,BAD_VERSES,,,,,,,GOOD_VERSES,BAD_VERSES,,,BAD_VERSES,GOOD_VERSES_WORKS_WITH,,,BAD_VERSES,,,,,GOOD_VERSES,BAD_VERSES,,,,BAD_VERSES,,WORKS_WITH,,,,,,GOOD_VERSES,BAD_VERSES,,,BAD_VERSES,GOOD_VERSES,,,,BAD_VERSES,,,,,GOOD_VERSES,,,BAD_VERSES,,,,BAD_VERSES,,,GOOD_VERSES,,WORKS_WITH,,,,BAD_VERSES,,,,BAD_VERSES,,WORKS_WITH,,GOOD_VERSES,BAD_VERSES,,,
Spirit_Breaker,,,,GOOD_VERSES,,,BAD_VERSES,,,WORKS_WITH,WORKS_WITH,,,,,,,GOOD_VERSES,BAD_VERSES,,,,,,,,,,,,,BAD_VERSES,,BAD_VERSES,,,,,BAD_VERSES,WORKS_WITH,,,,,,,,WORKS_WITH,,BAD_VERSES,,,,,,BAD_VERSES,BAD_VERSES,,,,,GOOD_VERSES,,,,,,,BAD_VERSES,,,GOOD_VERSES,BAD_VERSES,,,,,BAD_VERSES,,,,,GOOD_VERSES,,,,,,GOOD_VERSES,,,,,,,,,,GOOD_VERSES,,BAD_VERSES,,,BAD_VERSES,BAD_VERSES,GOOD_VERSES,,,,,,,,,,,
Storm_Spirit,,,GOOD_VERSES,BAD_VERSES,GOOD_VERSES,,,,,GOOD_VERSES,,,,,,,,,,,,,,,,BAD_VERSES,,,,,,BAD_VERSES,,,,,,,,,,,WORKS_WITH,,,,,WORKS_WITH,,,,,,,,,,,,,,,,BAD_VERSES,BAD_VERSES,,WORKS_WITH,,WORKS_WITH,,,,,,,,,,BAD_VERSES,,,,,,BAD_VERSES,BAD_VERSES,,,GOOD_VERSES,GOOD_VERSES,,,,,,,,,GOOD_VERSES,,,,,,,,,,,,,GOOD_VERSES,,,,,
Sven,,,,GOOD_VERSES,,,,,,,,,,GOOD_VERSES,,GOOD_VERSES,GOOD_VERSES,,BAD_VERSES,WORKS_WITH,WORKS_WITH,,,GOOD_VERSES,,GOOD_VERSES,,,,,,,BAD_VERSES,WORKS_WITH,,,,,,WORKS_WITH,,,,,,,,BAD_VERSES,,WORKS_WITH,,,,WORKS_WITH,,,GOOD_VERSES,,,,,,,,,,BAD_VERSES,WORKS_WITH,,GOOD_VERSES,BAD_VERSES,GOOD_VERSES,,,,,,BAD_VERSES,,,,,,WORKS_WITH,,,,,BAD_VERSES,BAD_VERSES,,,,,,,,,,,,BAD_VERSES_WORKS_WITH,,,,,,BAD_VERSES,,,GOOD_VERSES,,,BAD_VERSES,,BAD_VERSES,
Techies,BAD_VERSES,,,BAD_VERSES,,,,BAD_VERSES_WORKS_WITH,BAD_VERSES,,,,,,,,BAD_VERSES,,,WORKS_WITH,WORKS_WITH,,,BAD_VERSES,,,,,,,,GOOD_VERSES,,,,,,,,,,BAD_VERSES,BAD_VERSES,,,,,BAD_VERSES,,,,,,WORKS_WITH,,,GOOD_VERSES,,GOOD_VERSES,GOOD_VERSES,,,,BAD_VERSES,,,BAD_VERSES,BAD_VERSES,,,GOOD_VERSES,,,,WORKS_WITH,,,,,,,,,,,,,,,,,,,,BAD_VERSES,,,,GOOD_VERSES,WORKS_WITH,,,WORKS_WITH,,,,WORKS_WITH,,,BAD_VERSES,,,,,,BAD_VERSES,BAD_VERSES
Templar_Assassin,,,,WORKS_WITH,,,,,,,,,,,,,,,,,,,,,,,BAD_VERSES,WORKS_WITH,,,,,,,,,,CONFUSED,,,,,,,,,,,GOOD_VERSES,,,GOOD_VERSES,,,,,,,,,,,GOOD_VERSES,,,,WORKS_WITH,,,,,,BAD_VERSES,WORKS_WITH,BAD_VERSES,,,,,,,,GOOD_VERSES,,,,WORKS_WITH,,,,,GOOD_VERSES,,,,,,,,,,,,,,,,BAD_VERSES,BAD_VERSES,,,,,,,,
Terrorblade,BAD_VERSES,,GOOD_VERSES,GOOD_VERSES,,,,,,,,,,,,GOOD_VERSES,,,,,,,BAD_VERSES_WORKS_WITH,,,,,,,,BAD_VERSES,BAD_VERSES,,,,,,,,,,,,,,,,,BAD_VERSES,,,,,,,,GOOD_VERSES,,,,,,BAD_VERSES,,,,,WORKS_WITH,BAD_VERSES,,,,,,GOOD_VERSES,,,BAD_VERSES,,,,WORKS_WITH,GOOD_VERSES,BAD_VERSES,,,,,GOOD_VERSES,,,,BAD_VERSES,GOOD_VERSES,,,,BAD_VERSES,BAD_VERSES,,,,,BAD_VERSES,,,,,GOOD_VERSES,,,,,,,,BAD_VERSES
Tidehunter,,,,,,,,GOOD_VERSES,,,,,,,,,,,,,,,,,BAD_VERSES,,,,,WORKS_WITH,,,,BAD_VERSES,,,,,,,,,,,,,,,,,,BAD_VERSES,,,,,,,,,,,,,,,,,BAD_VERSES,,,,,,,,,,,BAD_VERSES,,,,,BAD_VERSES,,GOOD_VERSES,BAD_VERSES,,,,,,,,,,,,,,,,WORKS_WITH,,BAD_VERSES,,,,,,,GOOD_VERSES,,,,
Timbersaw,,,,,,,,,,,WORKS_WITH,,,GOOD_VERSES,,GOOD_VERSES,GOOD_VERSES,,,WORKS_WITH,,,,,,BAD_VERSES,,,,,,BAD_VERSES,,WORKS_WITH,BAD_VERSES_WORKS_WITH,,,,BAD_VERSES,,,,BAD_VERSES,,,,,,,,,,,WORKS_WITH,,,GOOD_VERSES,,GOOD_VERSES,,,GOOD_VERSES,BAD_VERSES,,,,,,BAD_VERSES,BAD_VERSES,GOOD_VERSES,GOOD_VERSES,,,,BAD_VERSES,,GOOD_VERSES,,,,,,,BAD_VERSES,BAD_VERSES,,GOOD_VERSES,,,,BAD_VERSES,,,,GOOD_VERSES,,,,,GOOD_VERSES,,,,,,,,,,,,,,,,BAD_VERSES
Tinker,,,,BAD_VERSES,,,,,,GOOD_VERSES_WORKS_WITH,WORKS_WITH,,,,,GOOD_VERSES,,,BAD_VERSES,,,,BAD_VERSES,,,BAD_VERSES,,,,,,,,,GOOD_VERSES_WORKS_WITH,,,,,,,,WORKS_WITH,WORKS_WITH,BAD_VERSES,,,BAD_VERSES,,,,BAD_VERSES,,,,,,,,,,WORKS_WITH,,BAD_VERSES,BAD_VERSES,,,,,,,,,,BAD_VERSES,BAD_VERSES,,,,,,,GOOD_VERSES,,BAD_VERSES,,WORKS_WITH,BAD_VERSES,,,WORKS_WITH,BAD_VERSES,,,,GOOD_VERSES,,GOOD_VERSES,,,,,,,,,,,,,,,,,,,BAD_VERSES
Tiny,,,,,,,,,,,,,BAD_VERSES,GOOD_VERSES,,,,,,,,,,,,,,,,WORKS_WITH,,,,,,,,,,WORKS_WITH,,BAD_VERSES,,,,,,BAD_VERSES,,BAD_VERSES,,,,WORKS_WITH,,,GOOD_VERSES,,,,GOOD_VERSES,,BAD_VERSES,,,,,,,,,,,,WORKS_WITH,,,,,,,,,,,,BAD_VERSES_WORKS_WITH,,,,,,,,,,WORKS_WITH,,,,,,,,,,,,BAD_VERSES,,,,,,,,
Treant_Protector,,,,GOOD_VERSES,,,,,,,,,,,,,,,,WORKS_WITH,,,,,,,,GOOD_VERSES,,,,,,,,,,,,,,,WORKS_WITH,,,,,,,,,,GOOD_VERSES,,,,,WORKS_WITH,,,,BAD_VERSES,,,,,,,,,,BAD_VERSES,,,WORKS_WITH,,,,,BAD_VERSES,,,,,,,BAD_VERSES,,,,GOOD_VERSES,GOOD_VERSES,WORKS_WITH,,,,,BAD_VERSES,,,,,,,,,,BAD_VERSES,BAD_VERSES,,WORKS_WITH,,,,,,
Troll_Warlord,,,,GOOD_VERSES,,BAD_VERSES,BAD_VERSES,,,,,,,,,BAD_VERSES,,,,BAD_VERSES,,,,,,,,,,,,,,,WORKS_WITH,,,GOOD_VERSES,,,,GOOD_VERSES,,,WORKS_WITH,,BAD_VERSES,GOOD_VERSES,,,,,,,,,,,,,,,,,,,,BAD_VERSES,BAD_VERSES,,GOOD_VERSES,,GOOD_VERSES,,,,,BAD_VERSES,,,,,,,,,WORKS_WITH,,BAD_VERSES,,,,GOOD_VERSES,,,,,BAD_VERSES,,WORKS_WITH,,,,BAD_VERSES,GOOD_VERSES,,,,,,,,,BAD_VERSES,,,
Tusk,,,,BAD_VERSES,,WORKS_WITH,,,,,,,,,,,,,,GOOD_VERSES,,,,,BAD_VERSES,,,,BAD_VERSES,BAD_VERSES,,,,,,,,,,,,WORKS_WITH,,,GOOD_VERSES_WORKS_WITH,,,WORKS_WITH,,,,,,,,,WORKS_WITH,,,,,,,,,,WORKS_WITH,,,,,BAD_VERSES,,,,GOOD_VERSES,,,,,,,GOOD_VERSES,,,,,GOOD_VERSES,GOOD_VERSES,,,,,BAD_VERSES,,,WORKS_WITH,,,WORKS_WITH,,,,,,,,,GOOD_VERSES,,,,,,,,
Underlord,,,,,,,,,,BAD_VERSES,,,,,,,,,,,,,,,WORKS_WITH,,WORKS_WITH,GOOD_VERSES,,,WORKS_WITH,,,,GOOD_VERSES,,,,,BAD_VERSES,,GOOD_VERSES,,,GOOD_VERSES,WORKS_WITH,,,,,,,,,,,,WORKS_WITH,,,,BAD_VERSES,,,,,,,,,,,,,,,,,WORKS_WITH,BAD_VERSES_WORKS_WITH,,,BAD_VERSES,,,,,,BAD_VERSES,BAD_VERSES,,,GOOD_VERSES,,GOOD_VERSES,,,WORKS_WITH,,,BAD_VERSES,,,,,BAD_VERSES,WORKS_WITH,,,BAD_VERSES,,,,BAD_VERSES,,,
Undying,,BAD_VERSES,,,,,,,,,,,GOOD_VERSES,GOOD_VERSES_WORKS_WITH,GOOD_VERSES,,,,,WORKS_WITH,,,,,,,,,,BAD_VERSES,,,,,,,BAD_VERSES,,,,,,,,,,WORKS_WITH,,,,,BAD_VERSES,,,,,,,,,WORKS_WITH,,BAD_VERSES,,,GOOD_VERSES,,,,,,,,,,,,,,,,,,,BAD_VERSES,,,,,GOOD_VERSES,,,GOOD_VERSES,,,,,,,,,,,,,,,,,,WORKS_WITH,,,GOOD_VERSES_WORKS_WITH,,,
Ursa,,,,,,GOOD_VERSES,BAD_VERSES_WORKS_WITH,,,,,,BAD_VERSES_WORKS_WITH,,,,,,,,,,WORKS_WITH,,WORKS_WITH,,,,,,,,,,,,,GOOD_VERSES,,WORKS_WITH,,,,,,,,GOOD_VERSES,GOOD_VERSES,BAD_VERSES_WORKS_WITH,,,,,,GOOD_VERSES,,,,,,,,,,,,,,,,,,,,,,BAD_VERSES,BAD_VERSES,,,,,WORKS_WITH,,,,,,,,,,,BAD_VERSES,,,GOOD_VERSES,,,,BAD_VERSES,,GOOD_VERSES,,,,,BAD_VERSES,,,BAD_VERSES,BAD_VERSES,,,,
Vengeful_Spirit,,,,BAD_VERSES,,,,GOOD_VERSES,,WORKS_WITH,,,,,,,,,GOOD_VERSES,WORKS_WITH,,,,,,,,WORKS_WITH,,,,,,,GOOD_VERSES,,,GOOD_VERSES,,,,GOOD_VERSES,,,,,,,,,,,,,,,GOOD_VERSES,WORKS_WITH,GOOD_VERSES,GOOD_VERSES,,,,,,,GOOD_VERSES,,,,,BAD_VERSES,,,,,,,,,,,WORKS_WITH,,,,WORKS_WITH,,,,BAD_VERSES,,,WORKS_WITH,,,BAD_VERSES,,,,,,,,,,,,,,,WORKS_WITH,,,,,
Venomancer,,,WORKS_WITH,BAD_VERSES,,GOOD_VERSES,,,,,,,,,,,,,,,,,,,,,,,,,,,,,,,,BAD_VERSES,,,,,,,BAD_VERSES,,,,,,,,,GOOD_VERSES,,,,,,,,,,,,,,BAD_VERSES,,,,,,,,,,,,BAD_VERSES,,,,,,,,BAD_VERSES,BAD_VERSES,,,,,GOOD_VERSES,GOOD_VERSES,BAD_VERSES,,,,,,,,,WORKS_WITH,,,,,,,,,,,,
Viper,GOOD_VERSES,,WORKS_WITH,GOOD_VERSES,,GOOD_VERSES,BAD_VERSES,,,,,,GOOD_VERSES,BAD_VERSES,,BAD_VERSES,,,WORKS_WITH,WORKS_WITH,,,WORKS_WITH,,,,GOOD_VERSES,WORKS_WITH,,,,,GOOD_VERSES,,WORKS_WITH,,,GOOD_VERSES,BAD_VERSES,WORKS_WITH,,,WORKS_WITH,,,GOOD_VERSES,,BAD_VERSES,,,,BAD_VERSES,,,,,,,,,,,,,,WORKS_WITH,BAD_VERSES,,,,GOOD_VERSES,BAD_VERSES,,,,,,,,BAD_VERSES_WORKS_WITH,,,,,,,WORKS_WITH,,,GOOD_VERSES,,,,,GOOD_VERSES,BAD_VERSES,,,,,WORKS_WITH,,,,,BAD_VERSES,WORKS_WITH,GOOD_VERSES,,,,BAD_VERSES,BAD_VERSES,,,,GOOD_VERSES
Visage,,,,,,BAD_VERSES,,,WORKS_WITH,,,,,,BAD_VERSES,,,,GOOD_VERSES,,,,,,,,,WORKS_WITH,,,WORKS_WITH,,,,,,BAD_VERSES,,GOOD_VERSES,,,,,,,,,WORKS_WITH,,,,BAD_VERSES,,,,,,,,,,GOOD_VERSES,,,,,,,,,,,,GOOD_VERSES,GOOD_VERSES,,,,,BAD_VERSES,,,,GOOD_VERSES,,,WORKS_WITH,,,GOOD_VERSES,,,,,,,BAD_VERSES,BAD_VERSES,,,,,,,,,,,,,,,,,,,
Warlock,,,,BAD_VERSES,,,,,,BAD_VERSES_WORKS_WITH,,,,,,,,,,,BAD_VERSES_WORKS_WITH,,,,,,,,,,,BAD_VERSES,,WORKS_WITH,,,,GOOD_VERSES,,,,,,,,,,,,,,,,WORKS_WITH,,,GOOD_VERSES,,,,,,,,,,,,,,,,,,,,,,,,,,GOOD_VERSES,,BAD_VERSES_WORKS_WITH,,,,,WORKS_WITH,,,WORKS_WITH,,GOOD_VERSES,,,,,,,,,,,,,,,,,BAD_VERSES,,,,,
Weaver,,WORKS_WITH,GOOD_VERSES,,,,,,,BAD_VERSES,,GOOD_VERSES,,,,,,,,WORKS_WITH,WORKS_WITH,,,,,,,,,,,,,,BAD_VERSES,,,,,,,,,,,,,GOOD_VERSES,,,,,,,,,,,,,,,,,BAD_VERSES,,,,,,,,,,GOOD_VERSES,,,,,,,,,,,,,,,,,,GOOD_VERSES,,,,,,,,,,,,GOOD_VERSES,GOOD_VERSES,WORKS_WITH,,,,,,,,,GOOD_VERSES,
Windranger,,,,,,BAD_VERSES,,,,,,,,,BAD_VERSES,,,,BAD_VERSES,,,,,,,,,WORKS_WITH,,,,,,,,,,,,,,,,,,,,,,,,,,,,,,,,,,WORKS_WITH,,,,,,,,,GOOD_VERSES,,,,GOOD_VERSES,,,,,,,,GOOD_VERSES,,BAD_VERSES,,,,,,,,,,,,,,BAD_VERSES,,,,,,,,,BAD_VERSES,,,,,,,,GOOD_VERSES,
Winter_Wyvern,,,BAD_VERSES,,,,,,GOOD_VERSES,,,,,,,GOOD_VERSES,,,,,WORKS_WITH,,,,,,,,,,,,,WORKS_WITH,,,,,BAD_VERSES_WORKS_WITH,,,,,,GOOD_VERSES,,,,,,,BAD_VERSES,GOOD_VERSES,WORKS_WITH,,,GOOD_VERSES,,,,BAD_VERSES,,,,,,BAD_VERSES,,BAD_VERSES,,,,,,,BAD_VERSES,,,,,,,,,,BAD_VERSES,,BAD_VERSES,,,,,,,,,,BAD_VERSES,BAD_VERSES,,,GOOD_VERSES,,,BAD_VERSES,,,WORKS_WITH,,,,,,,,,
Witch_Doctor,,,,,,,,,,,,,,,,,,,,,,,,,,,,,,,,,,WORKS_WITH,BAD_VERSES_WORKS_WITH,,,,,,,,,,,,WORKS_WITH,,,,GOOD_VERSES,,GOOD_VERSES,WORKS_WITH,,,,,GOOD_VERSES,BAD_VERSES,,,,,,,BAD_VERSES,BAD_VERSES,,,,,,,,,,,BAD_VERSES,BAD_VERSES,,,,,BAD_VERSES,,,,,,,,,,,,,,,,,,,WORKS_WITH,WORKS_WITH,,BAD_VERSES,,,,,,,,,,
Wraith_King,,,,BAD_VERSES,,GOOD_VERSES,,,,GOOD_VERSES_WORKS_WITH,,,,,,BAD_VERSES,,,,,,,,,,GOOD_VERSES,,,,,,,,,,,,,BAD_VERSES,,,,,,GOOD_VERSES,,,,,BAD_VERSES,,,,,,,,,,,,,GOOD_VERSES,,,,,,,,,BAD_VERSES,,,,,,,BAD_VERSES,,,,,,,,,BAD_VERSES,,,,,,GOOD_VERSES,,BAD_VERSES,,,,,,WORKS_WITH,,,,WORKS_WITH,,,,,,BAD_VERSES,,,,,
Zeus,,,WORKS_WITH,BAD_VERSES,,,,,,WORKS_WITH,GOOD_VERSES,,,,,BAD_VERSES,,,,,,,WORKS_WITH,,,,,,,,,,GOOD_VERSES,,BAD_VERSES,,,BAD_VERSES,,,,BAD_VERSES,,,,,GOOD_VERSES,BAD_VERSES,,WORKS_WITH,,,,,,,BAD_VERSES,,,,,,GOOD_VERSES,,,,BAD_VERSES_WORKS_WITH,,,,,,,,BAD_VERSES,BAD_VERSES,,,,,,,,,BAD_VERSES,,GOOD_VERSES,,,,,,,,,,WORKS_WITH,GOOD_VERSES,GOOD_VERSES,,,,,,,BAD_VERSES,,,,,,,,GOOD_VERSES,,,
